operation, CNOT count, 1-qubit Clifford count, T count, R count, M count, T depth, initial width, extra width, comment, full depth
QLowMC.SBox, 60, 6, 21, 0, 0, 1, 6, 7, in_place = false, 11
QLowMC.InPlace.SBox, 50, 6, 21, 0, 0, 3, 3, 4, in_place = true, 23
QLowMC.SBoxLayer, 600, 60, 210, 0, 0, 1, 62, 7, in_place = false - L0, 11
QLowMC.InPlace.SBoxLayer, 500, 60, 210, 0, 0, 3, 32, 4, in_place = true - L0, 23
QLowMC.SBoxLayer, 600, 60, 210, 0, 0, 1, 158, 7, in_place = false - L1, 11
QLowMC.InPlace.SBoxLayer, 500, 60, 210, 0, 0, 3, 128, 4, in_place = true - L1, 23
QLowMC.SBoxLayer, 600, 60, 210, 0, 0, 1, 222, 7, in_place = false - L3, 11
QLowMC.InPlace.SBoxLayer, 500, 60, 210, 0, 0, 3, 192, 4, in_place = true - L3, 23
QLowMC.SBoxLayer, 600, 60, 210, 0, 0, 1, 286, 7, in_place = false - L5, 11
QLowMC.InPlace.SBoxLayer, 500, 60, 210, 0, 0, 3, 256, 4, in_place = true - L5, 23
QLowMC.InPlace.L0.KeyExpansion_r0, 436, 0, 0, 0, 0, 0, 32, 0, in_place = true - L0 - round 0, 184
QLowMC.InPlace.L0.KeyExpansion_r1, 496, 0, 0, 0, 0, 0, 32, 0, in_place = true - L0 - round 1, 190
QLowMC.InPlace.L0.AffineLayer_r1, 486, 11, 0, 0, 0, 0, 32, 0, in_place = true - L0 - round 1, 196
QLowMC.Round, 1614, 71, 210, 0, 0, 1, 94, 7, in_place = true - L0 - round 1, 205
QLowMC.InPlace.L0.KeyExpansion_r2, 488, 0, 0, 0, 0, 0, 32, 0, in_place = true - L0 - round 2, 178
QLowMC.InPlace.L0.AffineLayer_r2, 503, 20, 0, 0, 0, 0, 32, 0, in_place = true - L0 - round 2, 196
QLowMC.Round, 1623, 80, 210, 0, 0, 1, 94, 7, in_place = true - L0 - round 2, 205
QLowMC.InPlace.L0.KeyExpansion_r3, 477, 0, 0, 0, 0, 0, 32, 0, in_place = true - L0 - round 3, 179
QLowMC.InPlace.L0.AffineLayer_r3, 476, 13, 0, 0, 0, 0, 32, 0, in_place = true - L0 - round 3, 192
QLowMC.Round, 1585, 73, 210, 0, 0, 1, 94, 7, in_place = true - L0 - round 3, 202
QLowMC.InPlace.L0.KeyExpansion_r4, 488, 0, 0, 0, 0, 0, 32, 0, in_place = true - L0 - round 4, 178
QLowMC.InPlace.L0.AffineLayer_r4, 489, 17, 0, 0, 0, 0, 32, 0, in_place = true - L0 - round 4, 179
QLowMC.Round, 1609, 77, 210, 0, 0, 1, 94, 7, in_place = true - L0 - round 4, 190
QLowMC.InPlace.L0.KeyExpansion_r5, 471, 0, 0, 0, 0, 0, 32, 0, in_place = true - L0 - round 5, 163
QLowMC.InPlace.L0.AffineLayer_r5, 479, 18, 0, 0, 0, 0, 32, 0, in_place = true - L0 - round 5, 207
QLowMC.Round, 1582, 78, 210, 0, 0, 1, 94, 7, in_place = true - L0 - round 5, 217
QLowMC.InPlace.L0.KeyExpansion_r6, 493, 0, 0, 0, 0, 0, 32, 0, in_place = true - L0 - round 6, 217
QLowMC.InPlace.L0.AffineLayer_r6, 490, 18, 0, 0, 0, 0, 32, 0, in_place = true - L0 - round 6, 193
QLowMC.Round, 1615, 78, 210, 0, 0, 1, 94, 7, in_place = true - L0 - round 6, 218
QLowMC.InPlace.L0.KeyExpansion_r7, 493, 0, 0, 0, 0, 0, 32, 0, in_place = true - L0 - round 7, 172
QLowMC.InPlace.L0.AffineLayer_r7, 479, 11, 0, 0, 0, 0, 32, 0, in_place = true - L0 - round 7, 191
QLowMC.Round, 1604, 71, 210, 0, 0, 1, 94, 7, in_place = true - L0 - round 7, 203
QLowMC.InPlace.L0.KeyExpansion_r8, 479, 0, 0, 0, 0, 0, 32, 0, in_place = true - L0 - round 8, 181
QLowMC.InPlace.L0.AffineLayer_r8, 491, 18, 0, 0, 0, 0, 32, 0, in_place = true - L0 - round 8, 223
QLowMC.Round, 1602, 78, 210, 0, 0, 1, 94, 7, in_place = true - L0 - round 8, 233
QLowMC.InPlace.L0.KeyExpansion_r9, 480, 0, 0, 0, 0, 0, 32, 0, in_place = true - L0 - round 9, 164
QLowMC.InPlace.L0.AffineLayer_r9, 474, 17, 0, 0, 0, 0, 32, 0, in_place = true - L0 - round 9, 169
QLowMC.Round, 1586, 77, 210, 0, 0, 1, 94, 7, in_place = true - L0 - round 9, 179
QLowMC.InPlace.L0.KeyExpansion_r10, 454, 0, 0, 0, 0, 0, 32, 0, in_place = true - L0 - round 10, 169
QLowMC.InPlace.L0.AffineLayer_r10, 475, 13, 0, 0, 0, 0, 32, 0, in_place = true - L0 - round 10, 167
QLowMC.Round, 1561, 73, 210, 0, 0, 1, 94, 7, in_place = true - L0 - round 10, 176
QLowMC.InPlace.L1.KeyExpansion_r0, 8065, 0, 0, 0, 0, 0, 128, 0, in_place = true - L1 - round 0, 2043
QLowMC.InPlace.L1.KeyExpansion_r1, 8104, 0, 0, 0, 0, 0, 128, 0, in_place = true - L1 - round 1, 2438
QLowMC.InPlace.L1.AffineLayer_r1, 8093, 60, 0, 0, 0, 0, 128, 0, in_place = true - L1 - round 1, 2365
QLowMC.Round, 16925, 120, 210, 0, 0, 1, 286, 7, in_place = true - L1 - round 1, 2439
QLowMC.InPlace.L1.KeyExpansion_r2, 8165, 0, 0, 0, 0, 0, 128, 0, in_place = true - L1 - round 2, 2416
QLowMC.InPlace.L1.AffineLayer_r2, 8089, 66, 0, 0, 0, 0, 128, 0, in_place = true - L1 - round 2, 2279
QLowMC.Round, 16982, 126, 210, 0, 0, 1, 286, 7, in_place = true - L1 - round 2, 2417
QLowMC.InPlace.L1.KeyExpansion_r3, 8055, 0, 0, 0, 0, 0, 128, 0, in_place = true - L1 - round 3, 2305
QLowMC.InPlace.L1.AffineLayer_r3, 7953, 62, 0, 0, 0, 0, 128, 0, in_place = true - L1 - round 3, 2187
QLowMC.Round, 16736, 122, 210, 0, 0, 1, 286, 7, in_place = true - L1 - round 3, 2306
QLowMC.InPlace.L1.KeyExpansion_r4, 8039, 0, 0, 0, 0, 0, 128, 0, in_place = true - L1 - round 4, 2308
QLowMC.InPlace.L1.AffineLayer_r4, 8164, 78, 0, 0, 0, 0, 128, 0, in_place = true - L1 - round 4, 2393
QLowMC.Round, 16931, 138, 210, 0, 0, 1, 286, 7, in_place = true - L1 - round 4, 2394
QLowMC.InPlace.L1.KeyExpansion_r5, 8078, 0, 0, 0, 0, 0, 128, 0, in_place = true - L1 - round 5, 2101
QLowMC.InPlace.L1.AffineLayer_r5, 8087, 68, 0, 0, 0, 0, 128, 0, in_place = true - L1 - round 5, 2400
QLowMC.Round, 16893, 128, 210, 0, 0, 1, 286, 7, in_place = true - L1 - round 5, 2401
QLowMC.InPlace.L1.KeyExpansion_r6, 8021, 0, 0, 0, 0, 0, 128, 0, in_place = true - L1 - round 6, 2143
QLowMC.InPlace.L1.AffineLayer_r6, 8055, 53, 0, 0, 0, 0, 128, 0, in_place = true - L1 - round 6, 2128
QLowMC.Round, 16804, 113, 210, 0, 0, 1, 286, 7, in_place = true - L1 - round 6, 2144
QLowMC.InPlace.L1.KeyExpansion_r7, 8077, 0, 0, 0, 0, 0, 128, 0, in_place = true - L1 - round 7, 2152
QLowMC.InPlace.L1.AffineLayer_r7, 8054, 73, 0, 0, 0, 0, 128, 0, in_place = true - L1 - round 7, 2243
QLowMC.Round, 16859, 133, 210, 0, 0, 1, 286, 7, in_place = true - L1 - round 7, 2244
QLowMC.InPlace.L1.KeyExpansion_r8, 8002, 0, 0, 0, 0, 0, 128, 0, in_place = true - L1 - round 8, 2291
QLowMC.InPlace.L1.AffineLayer_r8, 8014, 61, 0, 0, 0, 0, 128, 0, in_place = true - L1 - round 8, 2215
QLowMC.Round, 16744, 121, 210, 0, 0, 1, 286, 7, in_place = true - L1 - round 8, 2292
QLowMC.InPlace.L1.KeyExpansion_r9, 8089, 0, 0, 0, 0, 0, 128, 0, in_place = true - L1 - round 9, 2357
QLowMC.InPlace.L1.AffineLayer_r9, 7982, 65, 0, 0, 0, 0, 128, 0, in_place = true - L1 - round 9, 2405
QLowMC.Round, 16799, 125, 210, 0, 0, 1, 286, 7, in_place = true - L1 - round 9, 2406
QLowMC.InPlace.L1.KeyExpansion_r10, 8001, 0, 0, 0, 0, 0, 128, 0, in_place = true - L1 - round 10, 2189
QLowMC.InPlace.L1.AffineLayer_r10, 7981, 54, 0, 0, 0, 0, 128, 0, in_place = true - L1 - round 10, 2324
QLowMC.Round, 16710, 114, 210, 0, 0, 1, 286, 7, in_place = true - L1 - round 10, 2325
QLowMC.InPlace.L1.KeyExpansion_r11, 8086, 0, 0, 0, 0, 0, 128, 0, in_place = true - L1 - round 11, 2271
QLowMC.InPlace.L1.AffineLayer_r11, 8079, 58, 0, 0, 0, 0, 128, 0, in_place = true - L1 - round 11, 2295
QLowMC.Round, 16893, 118, 210, 0, 0, 1, 286, 7, in_place = true - L1 - round 11, 2296
QLowMC.InPlace.L1.KeyExpansion_r12, 8027, 0, 0, 0, 0, 0, 128, 0, in_place = true - L1 - round 12, 2418
QLowMC.InPlace.L1.AffineLayer_r12, 8094, 60, 0, 0, 0, 0, 128, 0, in_place = true - L1 - round 12, 2377
QLowMC.Round, 16849, 120, 210, 0, 0, 1, 286, 7, in_place = true - L1 - round 12, 2419
QLowMC.InPlace.L1.KeyExpansion_r13, 7977, 0, 0, 0, 0, 0, 128, 0, in_place = true - L1 - round 13, 2435
QLowMC.InPlace.L1.AffineLayer_r13, 7992, 71, 0, 0, 0, 0, 128, 0, in_place = true - L1 - round 13, 2195
QLowMC.Round, 16697, 131, 210, 0, 0, 1, 286, 7, in_place = true - L1 - round 13, 2436
QLowMC.InPlace.L1.KeyExpansion_r14, 8074, 0, 0, 0, 0, 0, 128, 0, in_place = true - L1 - round 14, 2364
QLowMC.InPlace.L1.AffineLayer_r14, 8201, 67, 0, 0, 0, 0, 128, 0, in_place = true - L1 - round 14, 2316
QLowMC.Round, 17003, 127, 210, 0, 0, 1, 286, 7, in_place = true - L1 - round 14, 2365
QLowMC.InPlace.L1.KeyExpansion_r15, 8096, 0, 0, 0, 0, 0, 128, 0, in_place = true - L1 - round 15, 2283
QLowMC.InPlace.L1.AffineLayer_r15, 8065, 58, 0, 0, 0, 0, 128, 0, in_place = true - L1 - round 15, 2348
QLowMC.Round, 16889, 118, 210, 0, 0, 1, 286, 7, in_place = true - L1 - round 15, 2349
QLowMC.InPlace.L1.KeyExpansion_r16, 7989, 0, 0, 0, 0, 0, 128, 0, in_place = true - L1 - round 16, 2263
QLowMC.InPlace.L1.AffineLayer_r16, 8082, 71, 0, 0, 0, 0, 128, 0, in_place = true - L1 - round 16, 2169
QLowMC.Round, 16799, 131, 210, 0, 0, 1, 286, 7, in_place = true - L1 - round 16, 2264
QLowMC.InPlace.L1.KeyExpansion_r17, 8091, 0, 0, 0, 0, 0, 128, 0, in_place = true - L1 - round 17, 2355
QLowMC.InPlace.L1.AffineLayer_r17, 8164, 57, 0, 0, 0, 0, 128, 0, in_place = true - L1 - round 17, 2546
QLowMC.Round, 16983, 117, 210, 0, 0, 1, 286, 7, in_place = true - L1 - round 17, 2547
QLowMC.InPlace.L1.KeyExpansion_r18, 7948, 0, 0, 0, 0, 0, 128, 0, in_place = true - L1 - round 18, 2501
QLowMC.InPlace.L1.AffineLayer_r18, 8031, 55, 0, 0, 0, 0, 128, 0, in_place = true - L1 - round 18, 2215
QLowMC.Round, 16707, 115, 210, 0, 0, 1, 286, 7, in_place = true - L1 - round 18, 2502
QLowMC.InPlace.L1.KeyExpansion_r19, 8074, 0, 0, 0, 0, 0, 128, 0, in_place = true - L1 - round 19, 2211
QLowMC.InPlace.L1.AffineLayer_r19, 7936, 59, 0, 0, 0, 0, 128, 0, in_place = true - L1 - round 19, 2474
QLowMC.Round, 16738, 119, 210, 0, 0, 1, 286, 7, in_place = true - L1 - round 19, 2475
QLowMC.InPlace.L1.KeyExpansion_r20, 8001, 0, 0, 0, 0, 0, 128, 0, in_place = true - L1 - round 20, 2287
QLowMC.InPlace.L1.AffineLayer_r20, 8045, 70, 0, 0, 0, 0, 128, 0, in_place = true - L1 - round 20, 2282
QLowMC.Round, 16774, 130, 210, 0, 0, 1, 286, 7, in_place = true - L1 - round 20, 2288
QLowMC.InPlace.L3.KeyExpansion_r0, 18161, 0, 0, 0, 0, 0, 192, 0, in_place = true - L3 - round 0, 4710
QLowMC.InPlace.L3.KeyExpansion_r1, 18242, 0, 0, 0, 0, 0, 192, 0, in_place = true - L3 - round 1, 4896
QLowMC.InPlace.L3.AffineLayer_r1, 18080, 90, 0, 0, 0, 0, 192, 0, in_place = true - L3 - round 1, 5301
QLowMC.Round, 37114, 150, 210, 0, 0, 1, 414, 7, in_place = true - L3 - round 1, 5302
QLowMC.InPlace.L3.KeyExpansion_r2, 18390, 0, 0, 0, 0, 0, 192, 0, in_place = true - L3 - round 2, 4917
QLowMC.InPlace.L3.AffineLayer_r2, 18235, 96, 0, 0, 0, 0, 192, 0, in_place = true - L3 - round 2, 4784
QLowMC.Round, 37417, 156, 210, 0, 0, 1, 414, 7, in_place = true - L3 - round 2, 4918
QLowMC.InPlace.L3.KeyExpansion_r3, 18150, 0, 0, 0, 0, 0, 192, 0, in_place = true - L3 - round 3, 4939
QLowMC.InPlace.L3.AffineLayer_r3, 18183, 86, 0, 0, 0, 0, 192, 0, in_place = true - L3 - round 3, 5325
QLowMC.Round, 37125, 146, 210, 0, 0, 1, 414, 7, in_place = true - L3 - round 3, 5326
QLowMC.InPlace.L3.KeyExpansion_r4, 18138, 0, 0, 0, 0, 0, 192, 0, in_place = true - L3 - round 4, 5094
QLowMC.InPlace.L3.AffineLayer_r4, 18180, 98, 0, 0, 0, 0, 192, 0, in_place = true - L3 - round 4, 5177
QLowMC.Round, 37110, 158, 210, 0, 0, 1, 414, 7, in_place = true - L3 - round 4, 5178
QLowMC.InPlace.L3.KeyExpansion_r5, 18302, 0, 0, 0, 0, 0, 192, 0, in_place = true - L3 - round 5, 5094
QLowMC.InPlace.L3.AffineLayer_r5, 18310, 96, 0, 0, 0, 0, 192, 0, in_place = true - L3 - round 5, 5174
QLowMC.Round, 37404, 156, 210, 0, 0, 1, 414, 7, in_place = true - L3 - round 5, 5175
QLowMC.InPlace.L3.KeyExpansion_r6, 18098, 0, 0, 0, 0, 0, 192, 0, in_place = true - L3 - round 6, 4922
QLowMC.InPlace.L3.AffineLayer_r6, 18375, 100, 0, 0, 0, 0, 192, 0, in_place = true - L3 - round 6, 4809
QLowMC.Round, 37265, 160, 210, 0, 0, 1, 414, 7, in_place = true - L3 - round 6, 4923
QLowMC.InPlace.L3.KeyExpansion_r7, 18344, 0, 0, 0, 0, 0, 192, 0, in_place = true - L3 - round 7, 4968
QLowMC.InPlace.L3.AffineLayer_r7, 18293, 99, 0, 0, 0, 0, 192, 0, in_place = true - L3 - round 7, 5016
QLowMC.Round, 37429, 159, 210, 0, 0, 1, 414, 7, in_place = true - L3 - round 7, 5017
QLowMC.InPlace.L3.KeyExpansion_r8, 18119, 0, 0, 0, 0, 0, 192, 0, in_place = true - L3 - round 8, 5306
QLowMC.InPlace.L3.AffineLayer_r8, 18194, 97, 0, 0, 0, 0, 192, 0, in_place = true - L3 - round 8, 4572
QLowMC.Round, 37105, 157, 210, 0, 0, 1, 414, 7, in_place = true - L3 - round 8, 5307
QLowMC.InPlace.L3.KeyExpansion_r9, 18208, 0, 0, 0, 0, 0, 192, 0, in_place = true - L3 - round 9, 5046
QLowMC.InPlace.L3.AffineLayer_r9, 18117, 104, 0, 0, 0, 0, 192, 0, in_place = true - L3 - round 9, 5023
QLowMC.Round, 37117, 164, 210, 0, 0, 1, 414, 7, in_place = true - L3 - round 9, 5047
QLowMC.InPlace.L3.KeyExpansion_r10, 18323, 0, 0, 0, 0, 0, 192, 0, in_place = true - L3 - round 10, 5147
QLowMC.InPlace.L3.AffineLayer_r10, 18259, 101, 0, 0, 0, 0, 192, 0, in_place = true - L3 - round 10, 4874
QLowMC.Round, 37374, 161, 210, 0, 0, 1, 414, 7, in_place = true - L3 - round 10, 5148
QLowMC.InPlace.L3.KeyExpansion_r11, 18065, 0, 0, 0, 0, 0, 192, 0, in_place = true - L3 - round 11, 4722
QLowMC.InPlace.L3.AffineLayer_r11, 18259, 101, 0, 0, 0, 0, 192, 0, in_place = true - L3 - round 11, 4916
QLowMC.Round, 37116, 161, 210, 0, 0, 1, 414, 7, in_place = true - L3 - round 11, 4917
QLowMC.InPlace.L3.KeyExpansion_r12, 18195, 0, 0, 0, 0, 0, 192, 0, in_place = true - L3 - round 12, 5133
QLowMC.InPlace.L3.AffineLayer_r12, 18265, 93, 0, 0, 0, 0, 192, 0, in_place = true - L3 - round 12, 5070
QLowMC.Round, 37252, 153, 210, 0, 0, 1, 414, 7, in_place = true - L3 - round 12, 5134
QLowMC.InPlace.L3.KeyExpansion_r13, 18203, 0, 0, 0, 0, 0, 192, 0, in_place = true - L3 - round 13, 5008
QLowMC.InPlace.L3.AffineLayer_r13, 18196, 104, 0, 0, 0, 0, 192, 0, in_place = true - L3 - round 13, 4884
QLowMC.Round, 37191, 164, 210, 0, 0, 1, 414, 7, in_place = true - L3 - round 13, 5009
QLowMC.InPlace.L3.KeyExpansion_r14, 18304, 0, 0, 0, 0, 0, 192, 0, in_place = true - L3 - round 14, 4967
QLowMC.InPlace.L3.AffineLayer_r14, 18210, 84, 0, 0, 0, 0, 192, 0, in_place = true - L3 - round 14, 5504
QLowMC.Round, 37306, 144, 210, 0, 0, 1, 414, 7, in_place = true - L3 - round 14, 5505
QLowMC.InPlace.L3.KeyExpansion_r15, 18160, 0, 0, 0, 0, 0, 192, 0, in_place = true - L3 - round 15, 4507
QLowMC.InPlace.L3.AffineLayer_r15, 18270, 94, 0, 0, 0, 0, 192, 0, in_place = true - L3 - round 15, 5350
QLowMC.Round, 37222, 154, 210, 0, 0, 1, 414, 7, in_place = true - L3 - round 15, 5351
QLowMC.InPlace.L3.KeyExpansion_r16, 18209, 0, 0, 0, 0, 0, 192, 0, in_place = true - L3 - round 16, 5142
QLowMC.InPlace.L3.AffineLayer_r16, 18094, 112, 0, 0, 0, 0, 192, 0, in_place = true - L3 - round 16, 4971
QLowMC.Round, 37095, 172, 210, 0, 0, 1, 414, 7, in_place = true - L3 - round 16, 5143
QLowMC.InPlace.L3.KeyExpansion_r17, 18200, 0, 0, 0, 0, 0, 192, 0, in_place = true - L3 - round 17, 4803
QLowMC.InPlace.L3.AffineLayer_r17, 18333, 95, 0, 0, 0, 0, 192, 0, in_place = true - L3 - round 17, 5561
QLowMC.Round, 37325, 155, 210, 0, 0, 1, 414, 7, in_place = true - L3 - round 17, 5562
QLowMC.InPlace.L3.KeyExpansion_r18, 18172, 0, 0, 0, 0, 0, 192, 0, in_place = true - L3 - round 18, 5235
QLowMC.InPlace.L3.AffineLayer_r18, 18230, 98, 0, 0, 0, 0, 192, 0, in_place = true - L3 - round 18, 5256
QLowMC.Round, 37194, 158, 210, 0, 0, 1, 414, 7, in_place = true - L3 - round 18, 5257
QLowMC.InPlace.L3.KeyExpansion_r19, 18378, 0, 0, 0, 0, 0, 192, 0, in_place = true - L3 - round 19, 5269
QLowMC.InPlace.L3.AffineLayer_r19, 18089, 90, 0, 0, 0, 0, 192, 0, in_place = true - L3 - round 19, 5001
QLowMC.Round, 37259, 150, 210, 0, 0, 1, 414, 7, in_place = true - L3 - round 19, 5270
QLowMC.InPlace.L3.KeyExpansion_r20, 18185, 0, 0, 0, 0, 0, 192, 0, in_place = true - L3 - round 20, 4764
QLowMC.InPlace.L3.AffineLayer_r20, 18272, 98, 0, 0, 0, 0, 192, 0, in_place = true - L3 - round 20, 4718
QLowMC.Round, 37249, 158, 210, 0, 0, 1, 414, 7, in_place = true - L3 - round 20, 4765
QLowMC.InPlace.L3.KeyExpansion_r21, 18322, 0, 0, 0, 0, 0, 192, 0, in_place = true - L3 - round 21, 4931
QLowMC.InPlace.L3.AffineLayer_r21, 18341, 101, 0, 0, 0, 0, 192, 0, in_place = true - L3 - round 21, 4932
QLowMC.Round, 37455, 161, 210, 0, 0, 1, 414, 7, in_place = true - L3 - round 21, 4933
QLowMC.InPlace.L3.KeyExpansion_r22, 18208, 0, 0, 0, 0, 0, 192, 0, in_place = true - L3 - round 22, 4888
QLowMC.InPlace.L3.AffineLayer_r22, 18177, 94, 0, 0, 0, 0, 192, 0, in_place = true - L3 - round 22, 5286
QLowMC.Round, 37177, 154, 210, 0, 0, 1, 414, 7, in_place = true - L3 - round 22, 5287
QLowMC.InPlace.L3.KeyExpansion_r23, 18280, 0, 0, 0, 0, 0, 192, 0, in_place = true - L3 - round 23, 5187
QLowMC.InPlace.L3.AffineLayer_r23, 18244, 97, 0, 0, 0, 0, 192, 0, in_place = true - L3 - round 23, 4766
QLowMC.Round, 37316, 157, 210, 0, 0, 1, 414, 7, in_place = true - L3 - round 23, 5188
QLowMC.InPlace.L3.KeyExpansion_r24, 18252, 0, 0, 0, 0, 0, 192, 0, in_place = true - L3 - round 24, 5060
QLowMC.InPlace.L3.AffineLayer_r24, 18273, 88, 0, 0, 0, 0, 192, 0, in_place = true - L3 - round 24, 5022
QLowMC.Round, 37317, 148, 210, 0, 0, 1, 414, 7, in_place = true - L3 - round 24, 5061
QLowMC.InPlace.L3.KeyExpansion_r25, 18277, 0, 0, 0, 0, 0, 192, 0, in_place = true - L3 - round 25, 5093
QLowMC.InPlace.L3.AffineLayer_r25, 18159, 108, 0, 0, 0, 0, 192, 0, in_place = true - L3 - round 25, 4839
QLowMC.Round, 37228, 168, 210, 0, 0, 1, 414, 7, in_place = true - L3 - round 25, 5094
QLowMC.InPlace.L3.KeyExpansion_r26, 18238, 0, 0, 0, 0, 0, 192, 0, in_place = true - L3 - round 26, 5022
QLowMC.InPlace.L3.AffineLayer_r26, 18052, 92, 0, 0, 0, 0, 192, 0, in_place = true - L3 - round 26, 5040
QLowMC.Round, 37082, 152, 210, 0, 0, 1, 414, 7, in_place = true - L3 - round 26, 5041
QLowMC.InPlace.L3.KeyExpansion_r27, 18100, 0, 0, 0, 0, 0, 192, 0, in_place = true - L3 - round 27, 4910
QLowMC.InPlace.L3.AffineLayer_r27, 18359, 91, 0, 0, 0, 0, 192, 0, in_place = true - L3 - round 27, 5249
QLowMC.Round, 37251, 151, 210, 0, 0, 1, 414, 7, in_place = true - L3 - round 27, 5250
QLowMC.InPlace.L3.KeyExpansion_r28, 18167, 0, 0, 0, 0, 0, 192, 0, in_place = true - L3 - round 28, 4874
QLowMC.InPlace.L3.AffineLayer_r28, 18339, 102, 0, 0, 0, 0, 192, 0, in_place = true - L3 - round 28, 5457
QLowMC.Round, 37298, 162, 210, 0, 0, 1, 414, 7, in_place = true - L3 - round 28, 5458
QLowMC.InPlace.L3.KeyExpansion_r29, 18333, 0, 0, 0, 0, 0, 192, 0, in_place = true - L3 - round 29, 5190
QLowMC.InPlace.L3.AffineLayer_r29, 18205, 98, 0, 0, 0, 0, 192, 0, in_place = true - L3 - round 29, 4790
QLowMC.Round, 37330, 158, 210, 0, 0, 1, 414, 7, in_place = true - L3 - round 29, 5191
QLowMC.InPlace.L3.KeyExpansion_r30, 18285, 0, 0, 0, 0, 0, 192, 0, in_place = true - L3 - round 30, 5195
QLowMC.InPlace.L3.AffineLayer_r30, 18286, 92, 0, 0, 0, 0, 192, 0, in_place = true - L3 - round 30, 5097
QLowMC.Round, 37363, 152, 210, 0, 0, 1, 414, 7, in_place = true - L3 - round 30, 5196
QLowMC.InPlace.L5.KeyExpansion_r0, 32518, 0, 0, 0, 0, 0, 256, 0, in_place = true - L5 - round 0, 8967
QLowMC.InPlace.L5.KeyExpansion_r1, 32525, 0, 0, 0, 0, 0, 256, 0, in_place = true - L5 - round 1, 9358
QLowMC.InPlace.L5.AffineLayer_r1, 32714, 137, 0, 0, 0, 0, 256, 0, in_place = true - L5 - round 1, 8603
QLowMC.Round, 66095, 197, 210, 0, 0, 1, 542, 7, in_place = true - L5 - round 1, 9359
QLowMC.InPlace.L5.KeyExpansion_r2, 32415, 0, 0, 0, 0, 0, 256, 0, in_place = true - L5 - round 2, 8553
QLowMC.InPlace.L5.AffineLayer_r2, 32261, 127, 0, 0, 0, 0, 256, 0, in_place = true - L5 - round 2, 8245
QLowMC.Round, 65532, 187, 210, 0, 0, 1, 542, 7, in_place = true - L5 - round 2, 8554
QLowMC.InPlace.L5.KeyExpansion_r3, 32637, 0, 0, 0, 0, 0, 256, 0, in_place = true - L5 - round 3, 8820
QLowMC.InPlace.L5.AffineLayer_r3, 32584, 119, 0, 0, 0, 0, 256, 0, in_place = true - L5 - round 3, 8669
QLowMC.Round, 66077, 179, 210, 0, 0, 1, 542, 7, in_place = true - L5 - round 3, 8821
QLowMC.InPlace.L5.KeyExpansion_r4, 32602, 0, 0, 0, 0, 0, 256, 0, in_place = true - L5 - round 4, 9056
QLowMC.InPlace.L5.AffineLayer_r4, 32483, 122, 0, 0, 0, 0, 256, 0, in_place = true - L5 - round 4, 8460
QLowMC.Round, 65941, 182, 210, 0, 0, 1, 542, 7, in_place = true - L5 - round 4, 9057
QLowMC.InPlace.L5.KeyExpansion_r5, 32391, 0, 0, 0, 0, 0, 256, 0, in_place = true - L5 - round 5, 8152
QLowMC.InPlace.L5.AffineLayer_r5, 32487, 127, 0, 0, 0, 0, 256, 0, in_place = true - L5 - round 5, 8938
QLowMC.Round, 65734, 187, 210, 0, 0, 1, 542, 7, in_place = true - L5 - round 5, 8939
QLowMC.InPlace.L5.KeyExpansion_r6, 32464, 0, 0, 0, 0, 0, 256, 0, in_place = true - L5 - round 6, 8747
QLowMC.InPlace.L5.AffineLayer_r6, 32526, 131, 0, 0, 0, 0, 256, 0, in_place = true - L5 - round 6, 8487
QLowMC.Round, 65846, 191, 210, 0, 0, 1, 542, 7, in_place = true - L5 - round 6, 8748
QLowMC.InPlace.L5.KeyExpansion_r7, 32520, 0, 0, 0, 0, 0, 256, 0, in_place = true - L5 - round 7, 8729
QLowMC.InPlace.L5.AffineLayer_r7, 32526, 130, 0, 0, 0, 0, 256, 0, in_place = true - L5 - round 7, 8732
QLowMC.Round, 65902, 190, 210, 0, 0, 1, 542, 7, in_place = true - L5 - round 7, 8733
QLowMC.InPlace.L5.KeyExpansion_r8, 32999, 0, 0, 0, 0, 0, 256, 0, in_place = true - L5 - round 8, 8997
QLowMC.InPlace.L5.AffineLayer_r8, 32333, 129, 0, 0, 0, 0, 256, 0, in_place = true - L5 - round 8, 8264
QLowMC.Round, 66188, 189, 210, 0, 0, 1, 542, 7, in_place = true - L5 - round 8, 8998
QLowMC.InPlace.L5.KeyExpansion_r9, 32329, 0, 0, 0, 0, 0, 256, 0, in_place = true - L5 - round 9, 9088
QLowMC.InPlace.L5.AffineLayer_r9, 32258, 112, 0, 0, 0, 0, 256, 0, in_place = true - L5 - round 9, 8334
QLowMC.Round, 65443, 172, 210, 0, 0, 1, 542, 7, in_place = true - L5 - round 9, 9089
QLowMC.InPlace.L5.KeyExpansion_r10, 32209, 0, 0, 0, 0, 0, 256, 0, in_place = true - L5 - round 10, 8405
QLowMC.InPlace.L5.AffineLayer_r10, 32433, 139, 0, 0, 0, 0, 256, 0, in_place = true - L5 - round 10, 8564
QLowMC.Round, 65498, 199, 210, 0, 0, 1, 542, 7, in_place = true - L5 - round 10, 8565
QLowMC.InPlace.L5.KeyExpansion_r11, 32398, 0, 0, 0, 0, 0, 256, 0, in_place = true - L5 - round 11, 8971
QLowMC.InPlace.L5.AffineLayer_r11, 32463, 122, 0, 0, 0, 0, 256, 0, in_place = true - L5 - round 11, 8583
QLowMC.Round, 65717, 182, 210, 0, 0, 1, 542, 7, in_place = true - L5 - round 11, 8972
QLowMC.InPlace.L5.KeyExpansion_r12, 32383, 0, 0, 0, 0, 0, 256, 0, in_place = true - L5 - round 12, 8394
QLowMC.InPlace.L5.AffineLayer_r12, 32472, 135, 0, 0, 0, 0, 256, 0, in_place = true - L5 - round 12, 8987
QLowMC.Round, 65711, 195, 210, 0, 0, 1, 542, 7, in_place = true - L5 - round 12, 8988
QLowMC.InPlace.L5.KeyExpansion_r13, 32644, 0, 0, 0, 0, 0, 256, 0, in_place = true - L5 - round 13, 8590
QLowMC.InPlace.L5.AffineLayer_r13, 32319, 123, 0, 0, 0, 0, 256, 0, in_place = true - L5 - round 13, 8510
QLowMC.Round, 65819, 183, 210, 0, 0, 1, 542, 7, in_place = true - L5 - round 13, 8591
QLowMC.InPlace.L5.KeyExpansion_r14, 32447, 0, 0, 0, 0, 0, 256, 0, in_place = true - L5 - round 14, 8397
QLowMC.InPlace.L5.AffineLayer_r14, 32315, 121, 0, 0, 0, 0, 256, 0, in_place = true - L5 - round 14, 8481
QLowMC.Round, 65618, 181, 210, 0, 0, 1, 542, 7, in_place = true - L5 - round 14, 8482
QLowMC.InPlace.L5.KeyExpansion_r15, 32478, 0, 0, 0, 0, 0, 256, 0, in_place = true - L5 - round 15, 8504
QLowMC.InPlace.L5.AffineLayer_r15, 32668, 132, 0, 0, 0, 0, 256, 0, in_place = true - L5 - round 15, 8756
QLowMC.Round, 66002, 192, 210, 0, 0, 1, 542, 7, in_place = true - L5 - round 15, 8757
QLowMC.InPlace.L5.KeyExpansion_r16, 32458, 0, 0, 0, 0, 0, 256, 0, in_place = true - L5 - round 16, 8590
QLowMC.InPlace.L5.AffineLayer_r16, 32670, 122, 0, 0, 0, 0, 256, 0, in_place = true - L5 - round 16, 8864
QLowMC.Round, 65984, 182, 210, 0, 0, 1, 542, 7, in_place = true - L5 - round 16, 8865
QLowMC.InPlace.L5.KeyExpansion_r17, 32563, 0, 0, 0, 0, 0, 256, 0, in_place = true - L5 - round 17, 8872
QLowMC.InPlace.L5.AffineLayer_r17, 32571, 120, 0, 0, 0, 0, 256, 0, in_place = true - L5 - round 17, 9249
QLowMC.Round, 65990, 180, 210, 0, 0, 1, 542, 7, in_place = true - L5 - round 17, 9250
QLowMC.InPlace.L5.KeyExpansion_r18, 32707, 0, 0, 0, 0, 0, 256, 0, in_place = true - L5 - round 18, 8560
QLowMC.InPlace.L5.AffineLayer_r18, 32353, 132, 0, 0, 0, 0, 256, 0, in_place = true - L5 - round 18, 8464
QLowMC.Round, 65916, 192, 210, 0, 0, 1, 542, 7, in_place = true - L5 - round 18, 8561
QLowMC.InPlace.L5.KeyExpansion_r19, 32222, 0, 0, 0, 0, 0, 256, 0, in_place = true - L5 - round 19, 9087
QLowMC.InPlace.L5.AffineLayer_r19, 32612, 133, 0, 0, 0, 0, 256, 0, in_place = true - L5 - round 19, 8340
QLowMC.Round, 65690, 193, 210, 0, 0, 1, 542, 7, in_place = true - L5 - round 19, 9088
QLowMC.InPlace.L5.KeyExpansion_r20, 32313, 0, 0, 0, 0, 0, 256, 0, in_place = true - L5 - round 20, 8791
QLowMC.InPlace.L5.AffineLayer_r20, 32463, 145, 0, 0, 0, 0, 256, 0, in_place = true - L5 - round 20, 8112
QLowMC.Round, 65632, 205, 210, 0, 0, 1, 542, 7, in_place = true - L5 - round 20, 8792
QLowMC.InPlace.L5.KeyExpansion_r21, 32079, 0, 0, 0, 0, 0, 256, 0, in_place = true - L5 - round 21, 8509
QLowMC.InPlace.L5.AffineLayer_r21, 32597, 124, 0, 0, 0, 0, 256, 0, in_place = true - L5 - round 21, 9176
QLowMC.Round, 65532, 184, 210, 0, 0, 1, 542, 7, in_place = true - L5 - round 21, 9177
QLowMC.InPlace.L5.KeyExpansion_r22, 32494, 0, 0, 0, 0, 0, 256, 0, in_place = true - L5 - round 22, 8847
QLowMC.InPlace.L5.AffineLayer_r22, 32696, 127, 0, 0, 0, 0, 256, 0, in_place = true - L5 - round 22, 8670
QLowMC.Round, 66046, 187, 210, 0, 0, 1, 542, 7, in_place = true - L5 - round 22, 8848
QLowMC.InPlace.L5.KeyExpansion_r23, 32465, 0, 0, 0, 0, 0, 256, 0, in_place = true - L5 - round 23, 8781
QLowMC.InPlace.L5.AffineLayer_r23, 32520, 135, 0, 0, 0, 0, 256, 0, in_place = true - L5 - round 23, 8567
QLowMC.Round, 65841, 195, 210, 0, 0, 1, 542, 7, in_place = true - L5 - round 23, 8782
QLowMC.InPlace.L5.KeyExpansion_r24, 32411, 0, 0, 0, 0, 0, 256, 0, in_place = true - L5 - round 24, 8477
QLowMC.InPlace.L5.AffineLayer_r24, 32573, 146, 0, 0, 0, 0, 256, 0, in_place = true - L5 - round 24, 8812
QLowMC.Round, 65840, 206, 210, 0, 0, 1, 542, 7, in_place = true - L5 - round 24, 8813
QLowMC.InPlace.L5.KeyExpansion_r25, 32055, 0, 0, 0, 0, 0, 256, 0, in_place = true - L5 - round 25, 8609
QLowMC.InPlace.L5.AffineLayer_r25, 32705, 130, 0, 0, 0, 0, 256, 0, in_place = true - L5 - round 25, 8343
QLowMC.Round, 65616, 190, 210, 0, 0, 1, 542, 7, in_place = true - L5 - round 25, 8610
QLowMC.InPlace.L5.KeyExpansion_r26, 32459, 0, 0, 0, 0, 0, 256, 0, in_place = true - L5 - round 26, 8338
QLowMC.InPlace.L5.AffineLayer_r26, 32840, 125, 0, 0, 0, 0, 256, 0, in_place = true - L5 - round 26, 9041
QLowMC.Round, 66155, 185, 210, 0, 0, 1, 542, 7, in_place = true - L5 - round 26, 9042
QLowMC.InPlace.L5.KeyExpansion_r27, 32469, 0, 0, 0, 0, 0, 256, 0, in_place = true - L5 - round 27, 8439
QLowMC.InPlace.L5.AffineLayer_r27, 32673, 139, 0, 0, 0, 0, 256, 0, in_place = true - L5 - round 27, 9239
QLowMC.Round, 65998, 199, 210, 0, 0, 1, 542, 7, in_place = true - L5 - round 27, 9240
QLowMC.InPlace.L5.KeyExpansion_r28, 32634, 0, 0, 0, 0, 0, 256, 0, in_place = true - L5 - round 28, 8468
QLowMC.InPlace.L5.AffineLayer_r28, 32684, 122, 0, 0, 0, 0, 256, 0, in_place = true - L5 - round 28, 9000
QLowMC.Round, 66174, 182, 210, 0, 0, 1, 542, 7, in_place = true - L5 - round 28, 9001
QLowMC.InPlace.L5.KeyExpansion_r29, 32660, 0, 0, 0, 0, 0, 256, 0, in_place = true - L5 - round 29, 9064
QLowMC.InPlace.L5.AffineLayer_r29, 32689, 127, 0, 0, 0, 0, 256, 0, in_place = true - L5 - round 29, 8743
QLowMC.Round, 66205, 187, 210, 0, 0, 1, 542, 7, in_place = true - L5 - round 29, 9065
QLowMC.InPlace.L5.KeyExpansion_r30, 32468, 0, 0, 0, 0, 0, 256, 0, in_place = true - L5 - round 30, 8587
QLowMC.InPlace.L5.AffineLayer_r30, 32366, 126, 0, 0, 0, 0, 256, 0, in_place = true - L5 - round 30, 8432
QLowMC.Round, 65690, 186, 210, 0, 0, 1, 542, 7, in_place = true - L5 - round 30, 8588
QLowMC.InPlace.L5.KeyExpansion_r31, 32421, 0, 0, 0, 0, 0, 256, 0, in_place = true - L5 - round 31, 8967
QLowMC.InPlace.L5.AffineLayer_r31, 32500, 123, 0, 0, 0, 0, 256, 0, in_place = true - L5 - round 31, 8772
QLowMC.Round, 65777, 183, 210, 0, 0, 1, 542, 7, in_place = true - L5 - round 31, 8968
QLowMC.InPlace.L5.KeyExpansion_r32, 32425, 0, 0, 0, 0, 0, 256, 0, in_place = true - L5 - round 32, 9016
QLowMC.InPlace.L5.AffineLayer_r32, 32554, 125, 0, 0, 0, 0, 256, 0, in_place = true - L5 - round 32, 8104
QLowMC.Round, 65835, 185, 210, 0, 0, 1, 542, 7, in_place = true - L5 - round 32, 9017
QLowMC.InPlace.L5.KeyExpansion_r33, 32536, 0, 0, 0, 0, 0, 256, 0, in_place = true - L5 - round 33, 9062
QLowMC.InPlace.L5.AffineLayer_r33, 32279, 126, 0, 0, 0, 0, 256, 0, in_place = true - L5 - round 33, 8959
QLowMC.Round, 65671, 186, 210, 0, 0, 1, 542, 7, in_place = true - L5 - round 33, 9063
QLowMC.InPlace.L5.KeyExpansion_r34, 32453, 0, 0, 0, 0, 0, 256, 0, in_place = true - L5 - round 34, 8225
QLowMC.InPlace.L5.AffineLayer_r34, 32623, 127, 0, 0, 0, 0, 256, 0, in_place = true - L5 - round 34, 8950
QLowMC.Round, 65932, 187, 210, 0, 0, 1, 542, 7, in_place = true - L5 - round 34, 8951
QLowMC.InPlace.L5.KeyExpansion_r35, 32550, 0, 0, 0, 0, 0, 256, 0, in_place = true - L5 - round 35, 8709
QLowMC.InPlace.L5.AffineLayer_r35, 32549, 130, 0, 0, 0, 0, 256, 0, in_place = true - L5 - round 35, 9026
QLowMC.Round, 65955, 190, 210, 0, 0, 1, 542, 7, in_place = true - L5 - round 35, 9027
QLowMC.InPlace.L5.KeyExpansion_r36, 32572, 0, 0, 0, 0, 0, 256, 0, in_place = true - L5 - round 36, 8382
QLowMC.InPlace.L5.AffineLayer_r36, 32488, 123, 0, 0, 0, 0, 256, 0, in_place = true - L5 - round 36, 8038
QLowMC.Round, 65916, 183, 210, 0, 0, 1, 542, 7, in_place = true - L5 - round 36, 8383
QLowMC.InPlace.L5.KeyExpansion_r37, 32502, 0, 0, 0, 0, 0, 256, 0, in_place = true - L5 - round 37, 8941
QLowMC.InPlace.L5.AffineLayer_r37, 32455, 121, 0, 0, 0, 0, 256, 0, in_place = true - L5 - round 37, 8620
QLowMC.Round, 65813, 181, 210, 0, 0, 1, 542, 7, in_place = true - L5 - round 37, 8942
QLowMC.InPlace.L5.KeyExpansion_r38, 32484, 0, 0, 0, 0, 0, 256, 0, in_place = true - L5 - round 38, 9050
QLowMC.InPlace.L5.AffineLayer_r38, 32589, 123, 0, 0, 0, 0, 256, 0, in_place = true - L5 - round 38, 8714
QLowMC.Round, 65929, 183, 210, 0, 0, 1, 542, 7, in_place = true - L5 - round 38, 9051
QLowMC.Encrypt_l0, 32930, 1512, 4200, 0, 0, 20, 96, 307, L0, 4419
QLowMC.Encrypt_l1, 689944, 4932, 8400, 0, 0, 40, 384, 607, L1, 98699
QLowMC.Encrypt_l3, 2271870, 9398, 12600, 0, 0, 60, 576, 907, L3, 319317
QLowMC.Encrypt_l5, 5070324, 14274, 15960, 0, 0, 76, 768, 1147, L5, 693471
QLowMC.GroverOracle_l0_r1, 33169, 1739, 4324, 0, 42, 21, 65, 632, L0 - 1 pair, 4429
QLowMC.GroverOracle_l1_r1, 690961, 5917, 8908, 0, 191, 41, 257, 1328, L1 - 1 pair, 98709
QLowMC.GroverOracle_l3_r1, 2273397, 10881, 13364, 0, 286, 61, 385, 1992, L3 - 1 pair, 319323
QLowMC.GroverOracle_l5_r1, 5072343, 16209, 16980, 0, 372, 77, 513, 2536, L5 - 1 pair, 693477
QLowMC.GroverOracle_l0_r2, 66423, 3502, 8652, 0, 92, 21, 97, 1296, L0 - 2 pairs, 4429
QLowMC.GroverOracle_l1_r2, 1382143, 11774, 17820, 0, 362, 41, 385, 2784, L1 - 2 pairs, 98707
QLowMC.GroverOracle_l3_r2, 4547191, 21783, 26732, 0, 576, 61, 577, 4176, L3 - 2 pairs, 319329
QLowMC.GroverOracle_l5_r2, 10145281, 32567, 33964, 0, 783, 77, 769, 5328, L5 - 2 pairs, 693483
